id,title,slug,content,authorId,createdAt,updatedAt,published,keywords,is_static,static_rank
6,سال ۱۴۰۴ بر همه مبارک,happy-new-year-1404,"<p><span style=""font-size: 18pt;"">سال نو تون مبارک سالی پر از شادی و پر از دوستی و پر از نعمات مختلف و گوناگون و سالی خوب و دوست داشتی و به یاد موندی براتون آرزومندم. نوروز باستانی تون مبارک</span></p>
<p>&nbsp;</p>
<p><span style=""font-size: 18pt;"">یک طبیعت سبزه و دشتی ز گل های بهار</span></p>
<p><span style=""font-size: 18pt;"">این نسیم عید نوروز است که آید این چنان</span></p>
<p>&nbsp;</p>
<p><span style=""font-size: 18pt;"">آمده فصل بهار، فصلی ز شور و پر امید</span></p>
<p><span style=""font-size: 18pt;"">زردی و سرمای برفته، سال نو شد بی گمان</span></p>
<p>&nbsp;</p>
<p><span style=""font-size: 18pt;"">دوره سرد زمستان، مغز مان یخ زد ولی</span></p>
<p><span style=""font-size: 18pt;"">دوره پاک بهار آمد، شدیم گم هم&zwnj;چنان</span></p>
<p>&nbsp;</p>
<p><span style=""font-size: 18pt;"">هر بهار از عمر می آید، بباید خوب زیست</span></p>
<p><span style=""font-size: 18pt;"">پس بکن قدری تفکر، لذتش هست بی کران</span></p>
<p>&nbsp;</p>
<p><span style=""font-size: 18pt;"">یک جهان از سردی و زردی و رنگ تازه اش</span></p>
<p><span style=""font-size: 18pt;"">می شود تازه به سال نو، همیشه این زمان</span></p>
<p>&nbsp;</p>
<p><span style=""font-size: 18pt;"">چون شود نوروز غم هایت، بماند پشت در</span></p>
<p><span style=""font-size: 18pt;"">سال نو قلبت بگردان پاک ز اندوه و فغان</span></p>
<p>&nbsp;</p>
<p><span style=""font-size: 18pt;"">ای رضایی گله کم کن تا که حرص کمتر خوری</span></p>
<p><span style=""font-size: 18pt;"">عیدیت هم شد تعقل، عید نوروز جهان</span></p>
<p>&nbsp;</p>
<p><span style=""font-size: 18pt;"">روحتان آبی، دلی سرخ و سری سبز آرزوس</span></p>
<p><span style=""font-size: 18pt;"">چشمتان روشن بباشد شده نوروز عیان</span></p>
<p>&nbsp;</p>
<p><span style=""font-size: 18pt;"">عید را باید بگفت تبریک به هر پیر و جوان</span></p>
<p><span style=""font-size: 18pt;"">عید نورزت مبارک، نَفست گرم هم&zwnj;چنان</span></p>
<p>&nbsp;</p>
<p>&nbsp;</p>
<p>&nbsp;</p>",1,2025-03-20 02:37:22.074,2025-03-20 02:48:58.975,t,عید نوروز ۱۴۰۴ مبارک+عید نوروز+عید+نوروز+نوروز باستانی+۱۴۰۴+سال جدید+حمیدرضارضایی+حمیدرضا رضایی+سال نو به همه مبارک+ شعر تبریک سال نو+شعر سال نو+شعر نوروز+ شعر تبریک نوروز,f,"0"
2,ثبت نام در دانشگاه,reg-in-uni,"<p><span style=""font-size: 18pt;"">از آنجایی که زیاد آدم دقیقی نیستم (مطلقا الکی میگم)، ممکن است بعضی تاریخ‌ها را جلو عقب بگم، اما خب چیزی است که در ذهنم هست و به خاطر سپرده‌ام... کار نداریم ... تقریباً ۱۵ دی بود که من در آزمون قلم‌چی شرکت کرده بودم. حدود ۶ ماه از فراغت تحصیلی‌ام گذشته بود که یک‌دفعه تصمیم گرفتم، با وجود تراز ۷۰۰۰ قلم‌چی رشته تجربی، به دانشگاه بروم و همین‌طوری یک رشته‌ای بخوانم. برای همین، اولین بحثی که در خانه پیش آمد، انتخاب رشته من بود.</span></p>
<p><span style=""font-size: 18pt;"">تقریباً همه مخالف بودند که من رشته‌های مربوط به کامپیوتر را انتخاب کنم. پدرم می‌گفت: ""برو حسابداری."" مادرم می‌گفت: ""برو روانشناسی."" برادرم می‌گفت: ""فرقی ندارد، لیست را می‌گذارند جلوت، یک چیزی بردار فرقی ندارد چی بخوانی. لااقل برای تو تفاوتی نداره!"" ... ولی من دوست داشتم کامپیوتر بخوانم، چون از کودکی درگیر قطعات و نرم افزار های کامپیوتر بودم و احساس می‌کردم فشار تحصیلی کمتری به من وارد می‌شه.</span></p>
<p><span style=""font-size: 18pt;"">اصولاً آدم تنبلی هستم و سعی می‌کنم همیشه کمترین مقدار درس ممکن را بخوانم. همیشه چیزهای مختلف یاد می‌گیرم، با این امید که ممکنه زمانی، شاید یک روزی به دردم بخورند... (متوجه شدید چند قید حالت و زمان استفاده کردم؟)</span></p>
<p><span style=""font-size: 18pt;"">به هر حال، برای اینکه من رشته کامپیوتر را انتخاب نکنم، مادرم؟ به دستور پدر بزرگوار دنبال من افتاد که ""می‌خواهم با تو بیایم"" (انگار دارم برای خرید خانه میرم). خلاصه، می‌خواهم سرتان را درد بیاورم، در نهایت ۲۰ بهمن ماه به دانشگاه رفتم.</span></p>
<p><span style=""font-size: 18pt;"">اما قبلش به قلم‌چی زنگ زدم. مشاورم کلی خواهش و تمنا کرد که ""نگذارید این بچه به دانشگاه آزاد برود، این استعداد داره"" و هزار حرف دیگه.</span></p>
<p><span style=""font-size: 18pt;"">خودمانیم، اگر پزشک هم می‌شدم اطلاعات کافی داشتم که در آن موفق باشم، ولی خب عشق من چیز دیگری بود. آن صرفاً یک علاقه ساده بود.</span></p>
<p><span style=""font-size: 18pt;"">در نهایت برای ثبت نام دانشگاه رفتم. لیست را گذاشتند جلوی من. گفتند: ""این لیست رشته‌هاست، یکی را انتخاب کن."" گفتم: ""او کامپیوتر هم دارید؟..."" یک‌دفعه مادرم چپ‌چپ نگام کرد. در ادامه حرفم گفتم: ""کامپیوتر هم دارید، ولی من برای حسابداری آمده‌ام."" که خیال مادرم راحت شد.</span></p>
<p><span style=""font-size: 18pt;"">نمی‌دونم چه شد که یک‌دفعه گوشی‌اش زنگ خورد و رفت. من هم فرصت را غنیمت شمردم و فوراً به آقای ""لاکتراش"" و خانم ""محمدی"" گفتم: ""فرم ام را خراب کردم."" خانم محمدی برگشت و گفت: ""می‌خواهی کامپیوتر بنویسی، دیگر مشخص است."" گفتم: ""عه، شما فهمیدید؟ بله دیگر. خانواده مخالفند."" گفت: ""عیب نداره.""</span></p>
<p><span style=""font-size: 18pt;"">تا مادرم آمد، برگشت و گفت: ""پسرتان کامپیوتر نوشت توی فرم!"" یهو مادرم گفت: ""می‌دانم، این هر کاری دلش بخواهد می‌کند. اصلاً ما براش مهم نیستیم.""... خانم محمدی جدا، آقای لاکتراش جدا از کامپیوتر تعریف می‌کردند. در نهایت مادرم گفت: “باشد، فقط به بابات نگو.”</span></p>
<p><span style=""font-size: 18pt;"">تا سه ماه اول پدر نمی‌دانست رشته‌ام چیست. آخرش یک‌هو جومونگ‌وار پرید تو اتاقم و از کارت دانشجویی‌ام فهمید و کلی هم دعوایم کرد. ولی دیگر نمی‌توانست کاری کند، چون من میخ را کوبیده بودم. (تازه الکی بهشان گفتم: ""اگر لیسانس نگیرم، نمی‌توانم رشته‌ام را تغییر دهم."" چه پلید تباهی بودم!) آن‌ها هم باور کردند.</span></p>
<p><span style=""font-size: 18pt;"">آقا، این شد که تاریخ ۲۰ بهمن من در دانشگاه برای رشته کامپیوتر ثبت‌نام کردم.</span></p>
<p><span style=""font-size: 18pt;"">ادامه دارد…</span></p>",1,2025-03-10 16:59:05.465,2025-03-12 15:15:46.527,t,"",f,"0"
4,من و پیمان,my-bro,"<h1><span style=""font-size: 14pt;""><strong>چطور داداشمو دیدم</strong><br><br></span></h1>
<p><span style=""font-size: 14pt;"">تعجب نکن ادامه متن رو بخون خودت متوجه میشی<br><br></span></p>
<p><span style=""font-size: 14pt;"">یکی از دوران زندگی من که باعث شد از لاک آدم گریزی خودم در بیام طبیعتا دوره 20 تا 24 سالگیم بود که در دانشگاه گذشت. خیلی ها هستن که این دوره به زندگی آدم تزریق می شن و خیلی ها هستن که تو این دوره با آدم معاشرت می کنن اما این منوط به دانشجو بودنه. طبعا افراد کمی بعد از دوره دانشگاه باهات می مونن یا ارتباطشونو باهات نگه میدارن. طبیعتا یه عده هم مثل من آدمای زندگی شونو محدود و فیلتر می کنن که از ارتباط های بی خود جلو گیری کنن (البته این در بهمنی بودنم هم نقش داره که به شدت وابسته کسی نمی شم). بگذریم با این حال یکی از این معدود افراد که بعد از دانشگاه با اینکه به ظاهر هیچ نیازی به همدیگه نداریم بهم تند تند پیام نمیدیم از هم خبر نمی گیریم و هر کدوم دنبال کار و مشکلات خودمونیم پیمان هست.<br><br></span></p>
<p><span style=""font-size: 14pt;"">این آدم انقدر خفن و خوب و دوست داشتنی عه و مثل خودم متولد سلطان ماه ها یعنی بهمن اونم با یه هفته اختلاف که ازش بزرگترم که گاها دلم میخواد درسته بخورمش اینطوری اون عطش درون ام رو شایدددددد سیراب کنه یعنی همین الان که دارم این متن رو می نویسم (که البته به سفارش خودشه🤣) جلو چشممه دیگه از یه جایی به بعد من بهش نمی گم صرفا دوست چون مثل برادرم دوستش دارم و اونم همین حس رو داره (قطعا داره اصلا کی من یعنی یه تیکه الماس رو دوست نداره)<br><br></span></p>
<p><span style=""font-size: 14pt;"">ترم 3 ام دانشگاه ما یه درسی داشتیم به نام طراحی الگوریتم یادی کنیم از استاد گرانقدر (هلنا کجوئیان) که مدرس این درس بود. بخوام پز بدم میگم من از دانشجو های تاپش بودم همیشه از من گله می کرد که چرا چیزی نمی نویسم یا چرا سوالاش رو ذهنی حل می کنم و کلی بهم غر میزد. این کلاس در ابتدا مجازی بود و نصف دومش حضوری شد. توی مجازی که من فکم بسته نمی شد. وقتی استاد من رو حضوری دید فهمید که من همون آدم توی مجازی ام و به صورت کلی باهام کنار اومد. دیر میرفتم کاریم نداشت سر کلاسش بازی می کردم کاریم نداشت. استاد مهربون و دلسوز و توی نمره دادن فوق خشن بود. میگفت من انرژی میذارم یادتون میدم هی ازتون سوال می کنم فهمیدین که اگه نفهمیدین دوباره توضیح بدم اونوقت شما اینطوری درس نمی خونید. حقتونو میزارم کف دستتون.<br><br></span></p>
<p><span style=""font-size: 14pt;"">شب امتحان بچها یه میت توی گوگل گذاشتن که درس رو مرور کنیم و من هم ساعت 12 بهشون پیوستم و گفتم خب بچها چی رو باید بخونم برای امتحان چند ساعت وقت دارم یکمم میخوابم یکی از بچها که من رو میشناخت و اسمش هومن بود گفت تو نیازی نیست درس بخونی بیا کمک کن بقیه الگوریتم ها رو بفهمن برای همین تا ساعت 2 کمک بچها کردم که الگوریتم های مرتب سازی سریع، مرج+ مرتب سازی حبابی، فروشنده دوره گرد و این سری الگوریتم ها رو سریع تر حفظ بشن بگذریم بعدش رفتم خوابیدم و فردا شد رفتم دانشگاه و خلاصه سریع رفتیم سر جلسه امتحان رو دادیم تموم شد بعد نوبت نمره ها رسید من عادت ندارم درس بخونم معمولا هر چی سر کلاس میشنوم رو تو برگه تزریق می کنم. و همون میشه نمره ام که معمولا نمره بالایی هم هست. اون زمان بچها گروه واتساپ داشتن و می اومدن نمره هاشون میگفتن و پز میدادن. یه پسره به شدت رو مخ بود که به شخصه باهاش مشکل داشتم.&nbsp;<br><br></span></p>
<p><span style=""font-size: 14pt;"">پسر بدی نبود که بگم رو مخم بود نه ... صرفا خیلی درس رو میجوید. تا اون زمان ما کلاس های مجازی مشترک زیادی با هم داشتیم. و توی همه کلاس هایی که پیمان <span style=""color: #843fa1;"">شیخ سلطان</span> شرکت داشت من مجبور می شدم بیشتر فعالیت کنم که به چشم بیام نمره فعالیت کلاسی بگیرم. به همین دلیل یه جورایی دشمن من محسوب می شد. از اون آدم هایی بود که تصمیم گرفتم هیچ وقت پرم به پرش نگیره (بیا نگا کن الان مثل داداشم می مونه پس کتاب رو از رو جلدش قضاوت نکنید) البته همین الانم خوره هر چیزیه که بهش بسپری.<br><br></span></p>
<p><span style=""font-size: 14pt;"">توی گروه دیدم خیلی داره راهنمایی می کنه و جالب توجه اینکه درست هم راهنمایی می کنه بهش گفتم تو نمره ات چند شده انقدر مسلطی گفت بیا پی وی. رفتم گفت تو اول بگو من با غرور گفتم 17 یهو نوشت 19. اونجا تو دلم گفتم سگ تو روحت حمید اگه میشستی میخوندی الان نمره بالا میشدی و بعد گفتم نه این برخلاف اصول زندگی منه و به پیمان گفتم آفرین چند روز خوندی گفت 3 روز گفتم جالبه 3 روز شدی 19 من نخوندم شدم 17 😂 (اون زمان فکر کنم باور نکرد اما الان باورش میشه چون دیگه فهمیده چقدر تنبلم)<br><br></span></p>
<p><span style=""font-size: 14pt;"">اون اولین مکالمه من با پیمان بود بعد از اون من امیر حسین زلفی رو اتفاقی تو دانشگاه پیدا کردم و فهمیدم سنپای (سال بالایی) منه و با هم یه کلاس داشتیم به نام (داده کاوی - استاد فاطمه صف&zwnj; آرا) از قضا پیمان هم با ما همکلاسی بود. اصولا عادت داشتم وقتی با شخص جدیدی آشنا می شدم براینکه بیشتر بشناسمش کنارش می نشستم و اخلاق و رفتارشو آنالیز می کردم پیمان از آدم هاییه که هر قدر باهاش باشی یا کنارش باشی ازش سیر نمی شی اونجا امیر حسین هم به این نتیجه رسیده بود. خلاصه جزوه دکتر صف آرا انگلیسی بود و من و پیمان و امیر حسین و سپهر و حمیده و یه نفر دیگه تصمیم گرفتیم ترجمه اش کنیم و من هم ویراستاری و لینک دهی اش کنم که ازش استفاده کنیم. اونجا اولین همکاری من با پیمان بود. و بیشتر بهش اعتماد پیدا کردم چون فهمیدم واقعا کارش درسته. یعنی اگه بخواد کاری رو انجام بده مثل خودم 0 تا 100 بدون کمک کسی انجامش میده. و ساعت ها روش وقت میزاره. با این حال گاهی جلوشو میگیرم و میگم باید بزاری من کمکت کنم (چون مثلا اون میخواد یه کاری رو انجام بده که من قبلا انجامش دادم چون تجربه اش رو دارم دوست دارم سریع انجام بدم که وقت نزاره روش)<br><br></span></p>
<p><span style=""font-size: 14pt;"">بعد از اون هم که سال هایی گذشت و گذشت تا امروز رسید پیمان خیلی داداشمی و دوستت دارم اینو خودتم میدونی... درسته به ظاهر هر کدوممون در گیر مشکلات خودمونیم اما مطمئنم تو از آدم هایی هستی که با اینکه نیازی به من نداری اما باز دور و برم می مونی. چون داداشمی<br><br></span></p>
<p><span style=""font-size: 14pt;"">خلاصه این طوری بود که من با داداشم آشنا شدم و الان با هم کیف می کنیم و به امید دستیابی به آرزو هامون به همدیگره کمک می کنیم. این بود از داستان آشنایی من و پیمان امیدوارم لذت برده باشید!</span></p>",1,2025-03-12 16:42:57.271,2025-05-22 11:56:42.822,t,پیمان شیخ سلطان+ حمیدرضا رضایی+ داداش+برنامه نویس خفن+متخصص شبکه+خورنده الگوریتم ها+هومن رجب لاریجانی+هومن لاریجانی+ هلنا کجوئیان+ هلنا+فاطمه+فاطمه صف ارا+صف ارا+ دانشگاه+ دانشگاه آزاد+ دانشگاه آزاد واحد اسلامشهر,t,2
3,من و امیر محمد,rafigh-khob-1,"<p><span style=""font-size: 14pt;"">بله درسته، منو&nbsp;<span style=""color: #843fa1;"">امیر محمد</span> تایتل رو کاملا درست خوندید</span></p>
<p><span style=""font-size: 14pt;""><span style=""color: #843fa1;"">امیر محمد</span> کیه</span></p>
<p>&nbsp;</p>
<div style=""padding-right: 40px;""><strong>شاید عجیب باشه اما این پست یه نمونه دیگه هم داره که توی سایت امیرمحمد می تونید بخونیدش</strong><br><br><strong>لینک اش : <span style=""color: #0909fc;""><a style=""color: #0909fc;"" title=""من و حمید"" href=""https://amirmohammadsafari.ir/posts/refigh-khoob-fa"">من و حمید</a></span></strong></div>
<p><br><span style=""font-size: 14pt;"">یه ابر برنامه نویس باهوش، یه گیمر قابل اتکا، یه دوست خلاق و خفن، یه هنر مند، یه آدم اجتماعی و بعضی جا ها مثل خودم ضد اجتماعی که هر قدر از استعداد ذاتیش بگم کمه (مخصوصا به خاطر تصویری که دیشب بهم هدیه داد 🤩😈)</span><br><br></p>
<p><span style=""font-size: 14pt;"">داستان بر میگرده به زمانی ک من میخواستم توی دانشگاه کلاس پایتون برگذار کنم و در به در دنبال کلاس می گشتم. برای همین رفتم انفورماتیک دانشگاه، جایی که تقریبا بین 3 سالی که دانشگاه آزاد واحد اسلامشهر بودم نرفته بودم. همه کلاسا رو گشتم و دیدم توی برنامه یکی از اونا تایم خالی داره رفتم با پرس و جو مسئولش رو دیدم که رسیدم به یه بهشت مخفی داخل دانشگاهمون، بچهای کامپیوتر میدونن جایی که توش اینترنت پر سرعت رایگان باشه برای ما چه حکمی داره.</span></p>
<p>&nbsp;</p>
<p><span style=""font-size: 14pt;"">تا کامپیوتر ها رو دیدم گفتم این خودشه بهترین جاس برای آموزش یه زبان برنامه نویسی ولی هر چی اصرار کردم مسئول سایت قبول نکرد که اون جا رو رزور کنم و دلیلش هم منطقی بود می گفت اگر به شما اجازه بدم (کاملش این بود با این که میدونم بین دانشجو های دیگه کمتر کسی دغذغه یاد دادن داره و ازت خیلی خوشم اومد) بچهای سایر دانشکده ها هم هجوم میارن که چرا تبعیض قائل شدی برای همین نمی تونم بزارم اما اینجا برای استفاده عموم آزاده مثل کافی نت می مونه چرا نمیایی ازش همین طوری استفاده کنی. اون لحظه مغزم سوت کشید گفتم میشه یه بار دیگه حرفتونو تکرار کنید. باورم نمی شد سه سال از زندگی دانشگاهیم رد شده بود و هنوز نمی دونستم یه همچین جایی هم هست که توش وقت بگذرونم (فکر کن سه سال تو حیاط پرسه میزدم که کلاس بعدم شروع بشه [آدم گریز هم خودتونید 😂])&nbsp;</span></p>
<p>&nbsp;</p>
<p><span style=""font-size: 14pt;"">خلاصه این شد دلیل اینکه من پام به اون بهشت باز بشه اما خب چون من و دوستام تنها کسانی بودیم که می دونستیم راز این دانشگاه چیه معمولا به کسی اجازه نمی دادیم متوجه اون مکان مخفی بشه اما بنا به دلایلی که مسببش هم خودم بودم و امکان نداره براتون تعریف کنم انفورماتیک به شدت معروف شد البته خیلی های دیگه هم به جز من اونجا رو از قبل میشناختن&nbsp;</span></p>
<p>&nbsp;</p>
<p><span style=""font-size: 14pt;"">یکی از همین خیلیا هم <span style=""color: #843fa1;"">امیر محمد</span>&nbsp;بود. از اونجایی که عادت دارم بی اجازه به هر چی دلم خواست دست بزنم (کاملا بدون قصد چون دلم میخواد) رفتم سر پاتق ام نشستم و دیدم اخ جون یه لپ تاپ همین طوری ول شده و نیازی نیست رمزشو هک کنم و از همه مهم تر دیدم اخ جون بازی گنشین هم بازه که قشنگ اون لحظه تو ابرا بودم</span></p>
<p>&nbsp;</p>
<p><span style=""font-size: 14pt;"">لیست کاراکتر ها رو اوردم و دیدم wow چه همه کاراکتر قدرت ها و مشخصاتشونو نگاه کردم و دیدم بعضیا شون ول شدن به امون خدا برای همین رفتم سراغ لول اپ کردن و ارتقا اونها که یه دفعه دیدم یکی از پشت صدام میکنه میگه خوبی جات راحته منم گفتم ارع مرسی بیا بیا سیستم مفت پیدا کردم اومد نشست کنارم گفت با اجازه ات مال منه منم گفتم الان دیگه مال منه برو پی کارت سر جای من نشستی بعد رو به پیمان (این دیگه دوستم نیست داداشمه درباره اش میگم براتون) و یوسف (یکی از بهترین دوستام و همچنین یکی از همکارام) کردم و گفتم بچها پاتق من تو اینجا کجاس اونام گفتن همون جا و سرشونو کردن تو کامپیوتر که انیمه هاشونو دانلود کنن</span></p>
<p>&nbsp;</p>
<p><span style=""font-size: 14pt;""><span style=""color: #843fa1;"">امیر محمد</span>م برگشت گفت چیکار میکنی حالا این بازی رو میشناسی گفتم ارع بابا معلومه که میشناسم اون موقع <span style=""color: #843fa1;"">امیر محمد</span>&nbsp;رنک 59 بود و منم 58 بعد بهش گفتم ایدی بده به دوستام ادت کنم و تو گوشی بازی رو باز کردم (اصلا هم نگاه نکردم ایدی بازی رو تو پایین ترین قسمت سمت چپ نوشته بهش گفتم ایدی بده😂) بعد سیستم گاچا رو باز کرد و خفن ترین اتفاق ممکن افتاد با 5 تا ویش یه اسلحه لجندری گرفت و جفتمون باورمون نمی شد</span></p>
<p>&nbsp;</p>
<p><span style=""font-size: 14pt;"">از اون موقع تا الان 3 سالی میشه که دوستیم و <span style=""color: #843fa1;"">امیر محمد</span>&nbsp;منو خیلی قبول داره (چون دیونه اس مثل خودم) از نظر شخصیتی خیلی شبیه به هم هستیم ویژگی های دقیق و شبیه به هم داریم که این یکی از دلایلیه که این همه مدت با من دوسته و دوست مونده (چون عادت دارم دوست هام رو تعویض می کنم و ادم الکی دور بر خودم نگه نمی دارم)</span></p>
<p>&nbsp;</p>
<p><span style=""font-size: 14pt;""><span style=""color: #843fa1;"">امیر محمد</span> یکی از آدم هایی بود که باعث شد من برای خودم سایت بزنم و راهنمایی های لازم برای اینکه فریم ورک درست انتخاب کنم و چیزای جدید یاد بگیرم رو بهم ارائه داد. و ازش خیلی ممنونم</span></p>
<p>&nbsp;</p>
<p><span style=""font-size: 14pt;"">امیدوارم بتونیم با هم به آرزو هامون برسیم و همه شون رو تبدیل به یه خاطره قشنگ کنیم</span></p>
<p>&nbsp;</p>
<p><span style=""font-size: 14pt;"">راستی من و <span style=""color: #843fa1;"">امیر محمد</span> یه نرم افزار هم نوشتیم که برای درس سیگنال و سیستم کاربرد داره اگر دوست داشتین حتما از گیت هاب مون دانلودش کنید که لنیکشو پایین قرار میدم هر دو تاش یکیه یکی صفحه منه یکی صفحه <span style=""color: #843fa1;"">امیر محمد</span></span></p>
<p>&nbsp;</p>
<p><span style=""font-size: 14pt;""><span style=""color: #0909fc;""><a style=""color: #0909fc;"" href=""https://github.com/Hamid1021/drawplot-py"">https://github.com/Hamid1021/drawplot-py</a></span> | <span style=""color: #0909fc;""><a style=""color: #0909fc;"" title=""https://github.com/JARVIS-AI/drawplot-py"" href=""https://github.com/JARVIS-AI/drawplot-py"" rel=""noopener"">https://github.com/JARVIS-AI/drawplot-py</a></span></span></p>",1,2025-03-12 12:09:26.556,2025-03-12 16:53:29.476,t,حمیدرضا رضایی+امیرمحمدصفری+داستان آشنایی+انفورماتیک+دانشگاه آزاد+ آزاد+اسلامشهر+واحد اسلامشهر+دانشگاه آزاد واحد اسلامشهر+hamidrezarezaii+amirmohammadsafari+me.amsl.ir,f,"0"
5,من و یوسف,nice-body,"<p><span style=""font-size: 14pt;"">بعضی آدم ها دیده نمی شن اما تاثیر زیادی دارن ... اینکه دیده نمی شن تقصیر خودشون نیست. بلکه به چشم نمیان. دیدی گاهی وقتا یه چیزی نیاز داری همه جا رو میگردی و همه کار می کنی اما به این نتیجه می رسی&nbsp;</span></p>
<p>&nbsp;</p>
<p><span style=""font-size: 14pt;"">آب در کوزه و ما تشنه لبان می گردیم&nbsp; &nbsp; &nbsp;یار در خانه و ما گرد جهان می گردیم</span></p>
<p>&nbsp;</p>
<p><span style=""font-size: 14pt;"">یوسف بهروز دقیقا از همین آدم هاس. درسته در ابتدا کمتر دیده شد اما الان می فهمم چقدر آدم پر رنگ و خفنی هستش. صد البته که این از کم لطفی من بوده که از ابتدا باهاش بیشتر آشنا نشدم. وگرنه یه طلا رو چه نیازی هست به خود نمایی</span></p>
<p>&nbsp;</p>
<p><span style=""font-size: 14pt;"">ترم سوم دانشگاه بود. اون زمان تصمیم گرفته بودم که مطلقا با هیچ کس هیچ ارتباطی نگیرم. و در کمال آرامش برم دانشگاه برگردم مدرک ام رو بگیرم و بزنم به چاک اما چیز ها اون طوری که من میخواستم پیش نرفت درس مدار الکترونیک داشتیم و طبق معمول همیشه من تمرین ها رو حل می کردم و میزاشتم توی گروه استاد بهم لقب بزرگوار داده بود و نمی دونست منم که تمرینا رو حل می کنم فقط میدونست که یه نفر این کارو انجام میده همین دلیلی شد که من یه خورده معروف بشم یه پسری به نام هومن بعد از اون درس اومد بهم گفت که من هومن رجب لاریجانی هستم. دیدم توی گروه چقدر زحمت کشیدی و این حرفا دوست داری بیایی تو گروه ما. بلافاصله گفتم خیر دوست ندارم. گفت چه سریع ... باشه به هر حال بیا ما زیاد حرف نمی زنیم فقط موقع انتخاب واحد اشتراک میزاریم که چی میخوایم برداریم و هماهنگ می کنیم. گفتم اگه اینطوره میام.</span></p>
<p>&nbsp;</p>
<p><span style=""font-size: 14pt;"">عضو گروهشون شدم خودمو معرفی کردم و خب بچه ها هم خودشونو معرفی کردن. یکی از اون بچها یوسف بهروز بود. یوسف دوست هومن بود و خب اکثر اوقات می تونستی این دو نفر رو کنار هم پیدا کنی. درسته که در ابتدا من با هومن دوست شدم اما مرام و معرفت این یوسف به قدری بود که میخواستی هم نمی تونستی نادیده اش بگیری و این شد که شروع کردم به ارتباط گرفتن باهاش اولین درسی که با هم توی اون گروه برداشتیم درس استاد هلنا کجوئیان بود همون درس طراحی الگوریتم که مسبب آشنایی من با پیمان بود اولین بار یوسف رو اونجا دیدم یه پسر خوش زبون به شدت صادق و خوشتیپ و ورزش کار. اونجا سر کلاس خیلی بهمون خوش میگذشت و هر از گاهی سرکلاس بازی می کردیم. یه بار سر کلاس داشتیم بازی می کردیم که استاد برگشت کلی دعوامون کرد. جاتون خالی....</span></p>
<p>&nbsp;</p>
<div style=""padding-right: 40px;""><span style=""font-size: 14pt;"">اگر دوست داشتین داستان آشنایی من با پیمان رو بخونید لینکش رو براتون قرار میدم</span></div>
<div style=""padding-right: 40px;""><span style=""font-size: 14pt; color: #0000ee;""><strong><a style=""color: #0000ee;"" title=""پیمان شیخ سلطان"" href=""my-bro/4"">من و پیمان</a></strong></span></div>
<p>&nbsp;</p>
<p><span style=""font-size: 14pt;"">بعد از اون یوسف رفت و سر یه آموزشگاه سی پلاس پلاس یاد گرفت و به خفنی خودش افزود از اونجا رزومه من رو به استادش نشون داده بود و همین باعث شد من و یوسف به مدت 7 ماه همکار باشیم و من روز به روز از همکاری مون لذت می بردم. فکر کنید هر روز 8 صبح زنگ می زد من رو بیدار می کرد که حاضر شیم بریم سر کارمون. یوسف از اون دسته آدم هایی هستش که تا وقتی باهاش 4 کلمه صحبت نکنی و یه مدت همنشینش نباشی درکش نمی کنی شاید از نظر خیلی ها .... خیلی چیز هایی رو بهش نسبت بدن که .... بگذریم یوسف جون رفیق خفن ام تو خیلی بالا تر از این هایی و خب خودت هم خوب میدونی خیلی دوست دارم جایگاهی که توش هستی رو درک کنی و بهترین خودت رو برای هر کاری بزاری تا اینطوری با هم به آرزو هامون برسیم و به همه شون جامع عمل بپوشونیم&nbsp;</span></p>
<p><span style=""font-size: 14pt;"">به امید روزی که با هم در کنار هم بترکونیم دوست خفن ام.</span></p>
<p>&nbsp;</p>",1,2025-03-12 20:09:28.423,2025-03-12 20:13:32.592,t,یوسف بهروز+حمیدرضا رضایی+ یوسف+دانشگاه+ دانشگاه آزاد+دانشگاه آزاد واحد اسلامشهر+هومن رجب لاریجانی+هومن+هومن لاریجانی,f,"0"
1,من کیستم؟,who-am-i,"<p><span style=""font-size: 18pt;"">من </span><span style=""font-size: 18pt;"">کی هستم…</span><br><span style=""font-size: 18pt;"">همیشه به این سوال فکر می‌کنم. شاید بهم بگید: ""تو یه احمقی!"" ولی باید بگم که درست می‌گین. من یه احمق هستم، ولی از نوع خوبش. می‌خواین براتون مثال بزنم؟ من یه احمقی هستم که نمی‌فهمه کی باید تسلیم بشه و دست بکشه. متأسفانه هر وقت یه کاری رو شروع می‌کنم متوجه نمی‌شم زمان داره چطوری می‌گذره و چقدر وقت گذاشتم تا یه کاری رو به سرانجام برسونم. این دقیقاً وقتی تشدید می‌شه که سر کاری عجله داشته باشم، مثل اینکه ددلاین تحویل پروژه‌اس و من می‌خوام یه مسئله ظرفیت خازن رو حل کنم. فکر کن کل پروژه رو رها می‌کنم و می‌چسبم به پیدا کردن فرمول‌های ظرفیت خازن (فاراد)!</span><br><span style=""font-size: 18pt;"">&nbsp;</span></p>
<p><span style=""font-size: 18pt;"">بگذریم… من کی هستم.</span></p>
<p><span style=""font-size: 18pt;"">اسمم حمیدرضا‌ است، الان دیگه ۲۵ سالم شده و ۹ بهمن هم تاریخ تولدمه. (عشق کردین چقدر زیرکانه تاریخ تولدم رو تو اولین پستم آوردم؟) از کلاس چهارم عاشق درس انشا بودم، چرا که همیشه بچه‌ها برای نوشتن ۵ خط، ۱۰ خط انشا زجه می‌زدن، در حالی که من از ۴ صفحه کمتر نمی‌نوشتم. برای همین هیچ‌وقت نوبت به من نمی‌رسید که انشا بخونم. شاید با خودتون بگید چه چرندیاتی به ذهنم می‌رسید و می‌نوشتم، ولی باید بگم در اشتباهین؛ چون هر وقت که معلم‌مون می‌خواست پز دانش‌آموزاش رو به کلاس بغلی‌مون بده، معلم‌شونو خبر می‌کرد و من رو می‌آورد انشا بخونم. بعداً نمره کم می‌داد و کلی الکی ایراد می‌گرفت تا به اون معلم رقیب ثابت کنه خیلی کارش درسته.</span></p>
<p><span style=""font-size: 18pt;"">متوجه شدین من عاشق حاشیه‌ام؟ حسابی از متن دورتون می‌کنم و بعد یه تونل می‌زنم و وصلتون می‌کنم به جایی که دلم می‌خواد. کسی که متن من رو بخونه ممکنه در ابتدا کمی گمراه بشه، اما بعد که همه سرنخ‌ها رو به هم متصل می‌کنم با خودش می‌گه: “واووو! پس داستان از این قراره!”</span><br><span style=""font-size: 18pt;"">&nbsp;</span></p>
<p><span style=""font-size: 18pt;"">من کی هستم؟</span><br><span style=""font-size: 18pt;"">چرا همیشه از خودم سوال می‌کنم من کی هستم؟ خیلی ساده‌اس… نه، خیلی پیچیده‌اس. در واقع برام سواله چرا با وجود اینکه خسته می‌شم استراحت نمی‌کنم. گاهی حتی شک می‌کنم که آیا من واقعاً انسانم؟ شایدم نباشم! همیشه دوست داشتم یه کامپیوتر باشم. دوستام گاهی بهم می‌گن: ""تو رباتی""، اما…</span><br><span style=""font-size: 18pt;"">&nbsp;</span></p>
<p><span style=""font-size: 18pt;"">من کی هستم؟</span><br><span style=""font-size: 18pt;"">من یه ابر شرورم که می‌خواد دنیا رو تصرف کنه، نه با قدرت، بلکه با علم. می‌خوام تو این دنیا کسی باشم که همه بشناسنش و اسمش جاودانه بشه یا هم می‌خوام آنچنان غریب باشم که اطرافیانم هم من رو به خاطر نیارن؛ همون طور که خیلی‌ها رو مجاب کردم تاریخ تولدم رو فراموش کنن. ولی با تمام این‌ها… من کی هستم؟</span><br><span style=""font-size: 18pt;"">&nbsp;</span></p>
<p><span style=""font-size: 18pt;"">من حمیدرضا رضایی، مهندس کامپیوتر هستم که می‌خوام خودم باشم.</span></p>
<p><span style=""font-size: 18pt;"">با من همراه باشید چون قراره کلی خاطره براتون تعریف کنم …</span></p>
<p><span style=""font-size: 18pt;"">ادامه دارد ….</span><br><span style=""font-size: 18pt;"">&nbsp;</span></p>",1,2025-03-10 16:58:02.047,2025-03-20 12:33:56.307,t,"",t,1
10,ترم اول چطور گذشت,term-1,"<p data-sourcepos=""3:1-3:585""><span style=""font-size: 14pt;"">وارد حیاط دانشگاه شدم، یه حیاط خیلی بزرگ دیدم. از در ورودی سه تا ساختمون مشخص بود. از اونجایی که قبلاً دانشکده علوم پایه رو دیده بودم، می&zwnj;دونستم اونجا چیزی پیدا نمی&zwnj;کنم. برای همین اول همه&zwnj;چیز رو بررسی کردم و دیدم بالای یکی از ساختمون&zwnj;ها نوشته فنی مهندسی. برنامه کلاسی&zwnj;ام رو مثل دوره دبیرستانم چاپ کرده بودم و هی در می&zwnj;آوردم و نگاه می&zwnj;کردم. نوشته بود مدار منطقی 2410. کلاس&zwnj;های طبقه اول کدهاشون 21XX بود، طبقه دوم 22XX. فهمیدم که 2 کد ساختمونه، چون تکرار شده بود و 2 رقم بعدی کد طبقه. گفتم ""هعیییی"" و رفتم طبقه چهارم و شماره کلاس&zwnj;ها رو نگاه کردم. کد 10 رو پیدا کردم و رفتم سر کلاس نشستم.</span></p>
<p data-sourcepos=""3:1-3:585"">&nbsp;</p>
<p data-sourcepos=""5:1-5:831""><span style=""font-size: 14pt;"">مطلقاً هیچ&zwnj;کس نبود. خالیِ خالی. 15 دقیقه از تایم کلاس گذشت و باز هم هیچ&zwnj;کس. طبقه سوم، وقتی داشتم از پله&zwnj;ها می&zwnj;رفتم طبقه بالا، یه اتاق دیدم که روش نوشته بود دفتر اساتید و وقتی دور زدم که برم طبقه بالا، دیدم یه اتاق انگار اتاق هماهنگی اساتید بود. منم رفتم پیش مسئولش و گفتم استاد مهران کی می&zwnj;رسن؟ ایشون برام توضیح داد که هر واحد درسی اگر استادش تا 15 دقیقه تأخیر کنه مشکلی نیست و بعدش دانشجو می&zwnj;تونه کلاس رو ترک کنه و غیبت نخوره (بچه&zwnj;ها گول نخورید، هیچ استادی از این قانون تبعیت نمی&zwnj;کنه و نمره حضور غیاب کاملاً دست استاده و شما به هیچ عنوان نمی&zwnj;تونید ثابت کنید استادتون اون تایم تو دانشگاه حاضر نبوده، مگر اینکه استاد پارتی نداشته باشه و توی هیچ گروهی نباشه که در این صورت ممکنه حرف شما رو قبول کنن). از اونجایی که درسم سه واحدی بود، 45 دقیقه منتظر نشستم. در همین حین 2-3 نفر وارد کلاس شدن. یکی از اون بچه&zwnj;ها اسمش عارف شهباززاده بود.</span></p>
<p data-sourcepos=""5:1-5:831"">&nbsp;</p>
<p data-sourcepos=""7:1-7:548""><span style=""font-size: 14pt;"">یه بچه پرانرژی، باهوش و بازیگوش. فقط یه مشکل داشت، برای آدم ضد اجتماعی&zwnj;ای مثل من که زیادی حرف می&zwnj;زد. بعضی از آدما هستن که نمی&zwnj;تونی باهاشون ارتباط نداشته باشی، چون همیشه هستن و خودشونو یادآوری می&zwnj;کنن... عارف یکی از اون آدما بود. اون زمان انقدری که با گوشی تخته، بیلیارد و سودوکو بازی می&zwnj;کرد، فکر کنم شخص دیگری رو به خاطر ندارم که انقدر تو اون زمان با گوشیش بازی کنه. حتی وقتی استاد سر کلاس بود باز هم اون مشغول بود و کلاً فضا روش تأثیری نداشت. همچنین یادمه اون زمان کشته مرده دارک وب بود و معتقد بود که از اونجا چیزهای بیشتری از دانشگاه یاد می&zwnj;گیره.</span></p>
<p data-sourcepos=""7:1-7:548"">&nbsp;</p>
<p data-sourcepos=""9:1-9:695""><span style=""font-size: 14pt;"">استاد وارد کلاس شد. برخلاف همه تصوراتم یه آدم عادی بود که اومد و لپ&zwnj;تاپش رو باز کرد و گذاشت روی یه میزی که روش نوشته شده بود جای استاد. سلام کردم تا مطمئن بشم واقعاً یه آدم عادیه یا داره اداشونو درمیاره و خب جواب سلامم رو داد و فهمیدم نه جداً یه آدم عادیه که در مقام استاد کلاس می&zwnj;خواد به ما مدار منطقی تدریس کنه. مثل همه استادهای دیگه که بعدش داشتم، بعد از آماده شدن خودش رو معرفی کرد. کتاب درسیش رو معرفی کرد و یکم از سیاست دانشگاه گله کرد و گفت شماها قراره این درس رو تا سه ترم آینده پاس نکنید، چون درس در سطح شما نیست و قرار هم نیست درکش کنید و من هم قرار نیست بهتون نمره رایگان بدم. گفتم استاد چرا پس ما که ترم اولی هستیم این درس برامون انتخاب شده؟ گفت چون سودش برای دانشگاه هست و این حرفا.</span></p>
<p data-sourcepos=""9:1-9:695"">&nbsp;</p>
<p data-sourcepos=""11:1-11:916""><span style=""font-size: 14pt;"">اون ساعت تدریس استاد تموم شد. خب درسته خیلی&zwnj;ها متوجه نشدن، اما برای من واقعاً لذت&zwnj;بخش بود. به نحوی که تمرین&zwnj;های استاد رو در عرض 10 دقیقه تموم کردم. تمرین استاد تبدیل 20 عدد از مبنای غیر از 10 به مبنای 10 بود. بعدش بلافاصله کلاس ریاضیات گسسته&zwnj;ام شروع می&zwnj;شد و خب من سریع به طبقه اول رفتم و کلاس مورد نظرم رو پیدا کردم. استاد از قبل داخل کلاس بود. استاد رمضانی... (که اسمشون رو به خاطر ندارم) یه خانومی هم سر کلاس بود که سر کلاس مدار منطقی دیده بودمش، اسمش یادم نیست ولی فامیلش جعفری بود، انگار لیسانس دومش رو می&zwnj;خواست از دانشگاه بگیره و خب سنش از همه&zwnj;مون بیشتر بود. اونجا یکی از بچه&zwnj;ها ازم پرسید بچه کجایی و من گفتم بچه فلاح، بعد انگار هم&zwnj;محلی&zwnj;مون دراومد و پرسید تمرین مدار رو بلدی حل کنی؟ من گفتم تموم کردم. خانم جعفری ازم درخواست کرد که تمرین&zwnj;ها رو براش بفرستم که من هم تلگرامش رو ازش گرفتم و براش ارسال کردم و تا روز امروز نه دیدمش نه دیگه اسمی ازش شنیدم. اگه این رو یه روز خوندی به قدرت حافظه من پی ببر، یوهاهاهاهاها...</span></p>
<p data-sourcepos=""11:1-11:916"">&nbsp;</p>
<p data-sourcepos=""13:1-13:990""><span style=""font-size: 14pt;"">درس&zwnj;ها یکی پس از دیگری تموم شد. کلاس آخرم فیزیک بود که ساعت پایان کلاس هم 18 بود، در نتیجه من که اون تایم اکسیژن بهم نمی&zwnj;رسه تقریباً هیچی از اون کلاس متوجه نشدم و کلش رو خواب بودم. کلاس که تموم شد یه آدم با معرفت زحمت کشید و من رو بیدار کرد و گفت داداش کلاس تموم شد پاشو برو. رفتم اتوبوس سوار شدم و اومدم خونه. هفته دوم کلاس&zwnj;ها رو رفتم ولی با یه تفاوت، استاد فیزیکم رو توی حذف و اضافه تغییر دادم که ای کاش دستم می&zwnj;شکست و این کار رو نمی&zwnj;کردم. بدبختانه استاد حسین عارف آذر رو انتخاب کردم. و چه استاد بی&zwnj;خودی بود. استاد هر جا هستی بدون خیلی هَوَل (haval) و خودت می&zwnj;دونی چرا. از قضا از شانس بد یا خوب من در سراسر کشور خبر پخش شدن یه ویروس همه&zwnj;گیر باعث تعطیلی دانشگاه تا مدت مشخص شد. بعد از یک هفته اعلام کردن که سایت وادانا رو راه&zwnj;اندازی کردن تا بریم اونجا و کلاس آنلاین شرکت کنیم. اما متأسفانه اسم من در هیچ&zwnj;کدوم از کلاس&zwnj;ها ثبت نشده بود. عجیب اما واقعی. برای همین آخر ترم موقع امتحانات مجبور شدم برم دانشگاه و اسمم رو وارد دیتابیس دانشگاه کنم و یوزر پسورد بگیرم. خوشبختانه کلاس&zwnj;ها ضبط شده بود.</span></p>
<p data-sourcepos=""13:1-13:990"">&nbsp;</p>
<p data-sourcepos=""15:1-15:875""><span style=""font-size: 14pt;"">برای هر درس من تمام کلاس&zwnj;های ضبط شده رو به دقت تماشا می&zwnj;کردم و هر جا مشکل می&zwnj;خوردم از کتاب مرجع، فیلم&zwnj;های کمک آموزشی استفاده می&zwnj;کردم و چون هیچ گروهی نداشتم مجبور بودم فقط مطالعه کنم. فکر کنید برای درسی مثل ریاضی من 48 ساعت بیدار بودم و درس خوندم (5 نمره کلاسی رو نگرفتم اما نمره&zwnj;ام شد 15). اون ترم به عنوان بدترین ترم من شناخته می&zwnj;شد، چون از هیچ درسی به جز اندیشه اسلامی نمره بالاتر از 15 نیاوردم (گفتم چون 5 نمره کلاسی بود و شوم بختانه اسم من داخل دیتابیس انفورماتیک دانشگاه نبود که کلاس&zwnj;ها رو شرکت کنم و من هم از کلاس&zwnj;های آنلاین خبر نداشتم بعداً یکی از دوستانم اتفاقی بهم خبر داد). راستی تا یادم نرفته از درس فیزیک با استاد عارف آذر 10 شدم در صورتی که توی سه روز درس خوندن از این درس من 6 ساعت بیشتر نخوابیدم و فقط درس خوندم. در نهایت متوجه شدم همه پسرهای کلاس نمره&zwnj;شون بالاتر از 10 نشده بود. استاد این رسمش نبود، درسته که هیچ وقت ندیدمت اما اسمت رو هیچ وقت فراموش نمی&zwnj;کنم.</span></p>
<p data-sourcepos=""15:1-15:875"">&nbsp;</p>
<p data-sourcepos=""17:1-17:614""><span style=""font-size: 14pt;"">معدل ترم اولم شد 14.90 و بعد از امتحانات با پرس و جو از بچه&zwnj;ها تونستم گروه دانشگاه رو پیدا کنم که آدرسش بود @Computer4 که داخل تلگرام هم بود. فیزیک 10، اندیشه 19، باقی دروس همه 15. بگذریم، بعدش رفتم توی سایت دانشگاه و متوجه شدم قراره سایت دانشگاه به سایتی به نام آموزشیار تغییر پیدا کنه و شروع بدبختی&zwnj;های جدید همین بود که محاله کسی دانشجو باشه و این سایت .... رو نشناسه. سیستم سیدا که مختص دانشگاه اسلامشهر بود قوی&zwnj;ترین سیستم موجود بود که در 1 دقیقه می&zwnj;تونستی انتخاب واحد انجام بدی، در شلوغ&zwnj;ترین حالت ممکن فقط 10 دقیقه انتخاب واحدت طول می&zwnj;کشید. خدا بیامرزتش، سیستم خوبی بود که با آموزشیار جایگزین شد و رفت پی کارش.</span></p>
<p data-sourcepos=""17:1-17:614"">&nbsp;</p>
<p data-sourcepos=""19:1-19:150""><span style=""font-size: 14pt;"">همچنان ویروس خانه&zwnj;خراب&zwnj;کن کرونا در سراسر جهان شعبه افکنی می&zwnj;کرد و کشوری از پی کشور دیگه بهش مبتلا شدن و خیلی&zwnj;ها هم متأسفانه فوت شدن که خدا رحمتشون کنه</span></p>
<p data-sourcepos=""19:1-19:150"">&nbsp;</p>
<p><span style=""font-size: 14pt;"">به سیستم آموزشیار وارد شدم و برای دومین بار انتخاب واحد کردم (ترم اول همه واحد هایی که برام اتومات برداشته شده بودن رو به جز 3 مورد تغییر دادم چون به ساعت حضورم در کلاس نمی خورد) ترم دوم من از همون موقع شروع شد و ترم اولم به پایان رسید</span></p>
<p>&nbsp;</p>
<p><span style=""font-size: 18pt;"">ادامه دارد ...</span></p>",1,2025-03-20 13:43:39.857,2025-03-20 13:53:44.155,t,دانشگاه آزاد اسلامی واحد اسلامشهر+دانشگاه آزاد اسلامی+دانشگاه واحد اسلامشهر+دانشگاه آزاد اسلامشهر+حسام مهران+مهران+حسام+مدارمنطقی+عارف شهباز زاده+ریاضیات گسسته+ رمضانی+جعفری+حسین عارف آذر+ عارف آذر+ویروس کرونا+آموزشیار+سیدا,f,"0"
11,منو دخترا 😂😂,girls,"<p><span style=""font-size: 14pt;"">وقتی وارد دانشگاه می&zwnj;شوی، وارد محیطی می&zwnj;شوی که دختر و پسر مشغول تحصیل هستند و مثل دوران دبیرستان، همه دوستانت فقط پسرها نیستند. در این میان، به دلایل مختلف، آشنایی&zwnj;هایی به وجود می&zwnj;آید که بعضی از آن&zwnj;ها ممکن است منجر به ازدواج، بعضی منجر به دوستی، بعضی منجر به دشمنی و... شود. اما در بهترین حالت، دوستی&zwnj;ای به وجود می&zwnj;آید که زمانش ممکن است تا دوران دانشگاه ادامه داشته باشد. اما گاهی این دوستی به دوران پس از دانشگاه هم می&zwnj;رسد که خب این نشان&zwnj;دهنده این است که آن فرد معرفت زیادی داشته یا واقعاً به دوستی&zwnj;اش اهمیت می&zwnj;داده. من پسرم، اما اگر دختر هم بودم این قضیه همچنان پابرجا بود، فقط جنسیت دوستان عوض می&zwnj;شد.</span></p>
<p><br><span style=""font-size: 14pt;"">دوستانی که این بلاگ را می&zwnj;خوانید، توجه کنید که اسامی کسانی که با آن&zwnj;ها آشنا شدم کاملاً به ترتیب زمان ملاقاتم است و از عمد کسی را جابه&zwnj;جا نکردم، پس لطفاً دلخور نشوید.</span></p>
<p><br><span style=""font-size: 14pt;"">تقریباً دختران زیادی با اهداف مختلف به من نزدیک شدند یا حتی من به آن&zwnj;ها نزدیک شدم. این اهداف گاهی در بحث&zwnj;های دانشگاه و گاهی در بحث کل&zwnj;کل علمی، گاهی آموزش و... بود. یکی از این دخترانی که در ابتدا من با او آشنا شدم، زینب قاسمی بود. یک دختر محجبه و خیلی باحال که برنامه&zwnj;نویسی هم بلد بود. من در یک گروه که هومن رجب لاریجانی من را به آن دعوت کرده بود با او آشنا شدم و بعد فهمیدم چقدر آدم خفنی است. از آنجا با او دوست شدم و همیشه با هم مطالب علمی به اشتراک می&zwnj;گذاشتیم، حرف می&zwnj;زدیم، گله و شکایت&zwnj;های همدیگر را گوش می&zwnj;دادیم و این چیزها. زینب همچنان یکی از دوستان من است و ارتباطش را بعد از دانشگاه با من قطع نکرده است. همچنان برایش غرغر می&zwnj;کنم، کل&zwnj;کل می&zwnj;کنم، آموزش&zwnj;هایش را نگاه می&zwnj;کنم و کلاً دوست خیلی خوبی برایم است که اگر اجازه بدهد، یکی از خاطرات شخصی که با خود او دارم را برایتان بنویسم تا میزان باحال بودن این فرد خفن را خودتان بخوانید.</span></p>
<p><br><span style=""font-size: 14pt;"">یکی دیگر از دخترانی که در زمان دانشگاه من با او آشنا شدم و خودم به او نزدیک شدم تا با او ارتباط بگیرم، هانا بود. ماجرا مال زمانی بود که هانا یک استاد فوق&zwnj;العاده بد داشت که قرار بود درس ساختمان داده را از آن&zwnj;ها امتحان بگیرد و هانا که از جزوه&zwnj;ها هیچی متوجه نمی&zwnj;شد، در همان گروهی که هومن ایجاد کرده بود پیام داد و گفت کسی ساختمان داده بلد است؟ من هم که معمولاً دروسی که یاد می&zwnj;گیرم از ذهنم خارج نمی&zwnj;شوند، گفتم من. اولش فکر کردم که یک سؤال دارد یا... اما بعد متوجه شدم که خیر، می&zwnj;خواهد یک نفر به او آموزش بدهد. من هم برگشتم به او گفتم: &laquo;باشه، مشکلی نیست. اگر هوشت خوب باشد، می&zwnj;توانی یادش بگیری، البته من هم می&zwnj;توانم بهت آموزش بدهم و اگر یاد نگرفتی روش گفتنم را تغییر بدهم.&raquo; که بعد هانا گفت: &laquo;باشه، مرسی.&raquo; من هم گفتم: &laquo;خب بیا یک سری بحث&zwnj;ها را در میت هماهنگ کنیم.&raquo; که هانا بهانه آورد و من هم بهم برخورد. بهانه&zwnj;اش طوری بود که انگار دوست نداشت با من درسی را بخواند. من هم گفتم: &laquo;باشه، اگر دوست نداری الان نیا، مشکلی نیست. به هر حال اگر بلد بودی که در گروه اعلام نمی&zwnj;کردی.&raquo; هانا هم بهش برخورد و گفت: &laquo;اصلاً نمی&zwnj;خواهم، خودم می&zwnj;خوانمش.&raquo; و 10 ثانیه بعد چتش را با من پاک کرد و پیامی هم که در گروه ارسال کرده بود را برداشت. تا 10 دقیقه این موضوع روی مخم بود و فکرم را مشغول کرد. من هم خیلی دل&zwnj;رحمم و نمی&zwnj;توانم کسی را از خودم برنجانم، برای همین رفتم پی&zwnj;وی&zwnj;اش و گفتم: &laquo;ببین، درست است به من برخورده، اما دلم نمی&zwnj;آید این درس را بیفتی و مجبور بشوی سال دیگر برداری&zwnj;اش، برای همین بیا این لینک سایت مکتب&zwnj;خانه است که می&zwnj;توانی از آن مطالعه کنی و درست را پاس بشوی.&raquo; هانا اول جوابی نداد، اما شبش پیام داد که فردا یک میت بگذاریم ساعت.... که درس را بهم یاد بدهی، چون از آموزش آنلاین سخت یاد می&zwnj;گیرم. خلاصه این بود ماجرای آشنایی من با هانا.</span></p>
<p><br><span style=""font-size: 14pt;"">یکی دیگر از دخترهایی که خب در دانشگاه با او آشنا شدم که خب خاطره خاصی هم با او ندارم، خانوم شکیلا شاهی است. یک دختر متولد 78 که خب از من 6 ماه هم بزرگ&zwnj;تر بود و در درس مبانی پیشرفته استاد شجاعی هم&zwnj;تیمی من بود. استاد گفته بود که یک برنامه بنویسید که لیست غذا را نمایش بدهد و عملیات CRUD داشته باشد. البته ایشان از معدود دخترانی بود که من را یادش مانده بود و برنامه&zwnj;نویسی هم بلد بود. آن زمان نصف برنامه را ایشان نوشت و نصف دیگر را من نوشتم، چون دو تا برنامه بود و در نهایت هم داکیومنت&zwnj;اش را به استاد شجاعی دادیم و همین یادم است. ترم 7 که بودم، آمد پی&zwnj;وی&zwnj;ام و گفت دارد فارغ&zwnj;التحصیل می&zwnj;شود و از من خواست که یک فایل psd را برایش به فرانت تبدیل کنم که من رد کردم، چون آن زمان فرانت بلد نبودم. اگر یک زمان این پست به دستت رسید، بدان به یادت بودم. مرسی که آن زمان در پروژه کمک رساندی.</span></p>
<p><br><span style=""font-size: 14pt;"">یکی دیگر از دخترهایی که در انجمن با او آشنا شدم، خانم زهرا میرزا محمدی بود. ایشان رئیس انجمن کامپیوتر بود. آن زمان در گروه دانشگاه زیاد فعال بودم و همیشه پیام&zwnj;ها را می&zwnj;خواندم و جواب می&zwnj;دادم. یک روز دیدم یک پیام ایشان گذاشتند که نوشتند کسانی که دوست دارند در انجمن فعال باشند، پی&zwnj;وی&zwnj;ام پیام بدهند که بهشان پیام دادم. گفتم انجمن چه خاصیتی برایم دارد که ایشان توضیح دادند و من هم مدارک لازم را برایشان ارسال کردم که در نهایت عضو انجمن شدم. البته ایشان یک سال از من بزرگ&zwnj;تر بود و طبیعتاً از من زودتر فارغ&zwnj;التحصیل شد. یک روز آمد پی&zwnj;وی من و من متوجه شدم دارد جنگو کار می&zwnj;کند، دقیقاً فریم ورکی که تخصص خودم بود. یک سؤال پرسید و من هم پاسخ دادم و رفت و دیگر خبری ازشان ندارم. خانم محمدی هر جا هستی موفق و پیروز باشی. اگر شماره&zwnj;ام را هنوز داری و یک وقت سؤالی در برنامه&zwnj;نویسی یا... برایت پیش آمد، پیام بده. تلاشم را می&zwnj;کنم که مشکلت را حل کنم، البته اگر این بلاگ یک روزی به دستت رسید. :)</span></p>
<p><br><span style=""font-size: 14pt;"">یکی از دخترهایی که خب من خیلی با او دوست بودم و الان دیگر حتی نمی&zwnj;دانم کجاست، خانم علائی بود. ایشان در زمینه جاوااسکریپت و پایتون بسیار ماهر بود، حتی از من هم بهتر. با ایشان سر کلاس طراحی الگوریتم آشنا شدم و بعد هم در کلاس داده&zwnj;کاوی با او درس داشتم که خب دختر بسیار باهوش، بسیار کوشا، بسیار متفکری بود. آدمی بود که من به او نزدیک شدم (رفتم پی&zwnj;وی&zwnj;اش گفتم: &laquo;هی تو، من از این به بعد دوست توام و تو هم نمی&zwnj;توانی نپذیری.&raquo;) تایپ شخصیتی&zwnj;اش از گروه تایپ من بود و خیلی سریع دوست شدیم. صرفاً آدمی بود که کاملاً از نظر رفتاری شبیه من بود و این باعث می&zwnj;شد اندازه&zwnj;ای که به پیمان اعتماد داشتم به او هم داشته باشم، چون مطمئن بودم اگر بهش بگویم برو فلان چیز را انجام بده، فقط پیام &laquo;انجام شد&raquo; را ازش دریافت می&zwnj;کنم و دیگر با من بحثی نمی&zwnj;کند.</span></p>
<p>&nbsp;</p>
<p><span style=""font-size: 14pt;"">یکی دیگه از دختر هایی که بعدا با او آشنا شدم خانوم الناز آقازاده بود. الناز در ابتدا دوست هانا بود. اولین بار با او در کلاس سیستم های دیجیتال آشنا شدم اما آدم جالبی بود. از افرادی در کلاس بود که به جزوه هایش معروف است. فردی بسیار پر تلاش و کوشا بود چون تمام کلاس هایی که داشت را به جزوه تبدیل می کرد. فردی با سیاست اهل نماز و روزه و با نفوذ بود. تقریبا همه دختران دانشگاه او را می شناختنتد چون ارتباط عمومی بالایی داشت و با هر کس سریع آشنا می شد. اما دوستان کمی داشت و من شناخت خوبی از او دارم برای همین این را خوب میدانم.</span></p>
<p><br><span style=""font-size: 14pt;"">یکی دیگر از دخترهایی که با او آشنا شدم، حانیه آقابگلو است که رئیس انجمن کامپیوتر بود. یک خانم باسیاست باهوش که این اواخر فرانت را یاد گرفت و الان تا جایی که می&zwnj;دانم دارد ادامه می&zwnj;دهد. ایشان یکی از دوستان حال حاضر من هم هستند که انسان بسیار جالبی هم است. شاید مثل زینب با او کل&zwnj;کل نکنم، اما می&zwnj;دانم اگر بخواهد کاری را انجام بدهد، انجامش می&zwnj;دهد، فقط یکم در عین زرنگیش ساده است که خب این هم از ویژگی&zwnj;هایش است و اینکه چرا ساده است و یا اینکه چرا ساده رفتار می&zwnj;کند را بهتان نمی&zwnj;گویم.</span></p>
<p><br><span style=""font-size: 14pt;"">یکی دیگر از دخترهایی که با او آشنا شدم، خانم فاطمه رشنو است که در حال حاضر همکارم است و از نظر هوش و استعداد، فرد باهوشی شناخته می&zwnj;شود. ایشان متخصص گرافیک است و در انجمن کامپیوتر حضور داشتند. من از آنجا با او آشنا شدم. فردی متفکر، باهوش و باسیاست که عملاً برای مدیریت به دنیا آمده است، چون توانایی کنترل بالایی دارد و می&zwnj;شود به&zwnj;سادگی مسئولیت&zwnj;ها را روی دوشش انداخت. :)</span></p>
<p><br><span style=""font-size: 14pt;"">خب&zwnj;خب، دخترهای دیگری هم هستند که من با آن&zwnj;ها آشنا شدم، اما به نظرم برای این دفعه کافی است و دیگر ادامه&zwnj;اش ندهم. امیدوارم افراد ذکر شده در لیست بالا همیشه در اوج قله&zwnj;های موفقیت باشند و رویاهایشان را زندگی کنند.&nbsp;&nbsp;&nbsp;&nbsp;&nbsp;&nbsp;&nbsp;&nbsp;&nbsp;&nbsp;&nbsp;&nbsp;&nbsp;&nbsp;&nbsp;&nbsp;&nbsp;&nbsp;&nbsp;&nbsp;&nbsp;&nbsp;&nbsp;&nbsp;&nbsp; <br></span></p>
<p>&nbsp;</p>",1,2025-03-20 15:16:12.253,2025-04-14 05:40:06.659,t,دانشگاه+ دوستی+ آشنایی+ دختران+ برنامه‌نویسی+ انجمن کامپیوتر+ همکاری+ موفقیت + زینب قاسمی + هانیه کنجکاو + شکیلا شاهی + زهرا میرزا محمدی + علایی + حانیه آغابگلو + فاطمه رشنو,f,"0"
12,من و یک دوست قدیمی (هومن رجب لازیجانی),homan,"<p><span style=""font-size: 14pt;"">یکی</span> از <span style=""font-size: 14pt;"">آدم&zwnj;هایی که تا الان چندین بار اسمش را آورده&zwnj;ام، هومن رجب لاریجانی است. ترم چهارم دانشگاه بودم که تا سه ترم گذشته، من به&zwnj;صورت تنهایی انتخاب واحد می&zwnj;کردم و عضو هیچ گروهی نبودم. پیام&zwnj;هایی را در کانال کامپیوتر پاسخ می&zwnj;دادم، اما عضو گروهی نمی&zwnj;شدم و به نظرم به&zwnj;تنهایی از پس خودم برمی&zwnj;آمدم و نیازی به کسی نداشتم. درسی داشتیم به اسم مدار الکترونیک که خب، وقتی این درس تمام شد، پسری آمد و لحظه آخری پاسخ&zwnj;های درس را برایم ارسال کرد. البته من نیازی به پاسخ&zwnj;هایش نداشتم، اما بالاخره ارسال کرد و من هم چند فرمول به پاسخ&zwnj;هایش اضافه کردم و برایش فرستادم که او هم پاسخ&zwnj;ها را بگذارد تا نمره بیشتری بگیریم. بعد از آن هم به من گفت من یک گروه دارم که در آن بچه&zwnj;ها را جمع کرده&zwnj;ام و با هم انتخاب واحد می&zwnj;کنیم. در ابتدا مقاومت کردم و زیر بار نرفتم، اما با اصرارش که بیا خبری نیست کسی به کسی کار ندارد و زیاد حرف نمی&zwnj;زنیم، وارد گروهشان شدم.</span></p>
<p>&nbsp;</p>
<p><span style=""font-size: 14pt;"">در آن گروه یوسف، بهروز، محمدرضا خداپرست، علی رحیمی، شخصی به نام الکس، هانا و زینب قاسمی و سید حمید جبرئیلی و ... بودند. به همه سلامی کردم و آن ترم که تمام شد، هومن لیست دروس را در گروه گذاشت و گفت بچه&zwnj;ها چه برمی&zwnj;دارید؟</span></p>
<p>&nbsp;</p>
<p><span style=""font-size: 14pt;"">من گفتم هر کس هر چیزی برداشت اعلام کند من هم بردارم. بعد هومن آمد پی&zwnj;وی من و گفت که یک سری از بچه&zwnj;ها جلوترند، اما خودش و من تقریباً یکسانیم و من هم گفتم عالی است مشکلی نیست هر درسی برمی&zwnj;داری به من بگو. هومن هم گفت برنامه و چیزهایی که برداشتی را بده من کمکت می&zwnj;کنم.</span></p>
<p>&nbsp;</p>
<p><span style=""font-size: 14pt;"">تقریباً ۲ ساعت بعد یک فایل تصویر خیلی خوشگل که مشخص بود سر فرصت و حوصله درست شده، برایم ارسال شد و هومن گفت این را برایت درست کردم که با هم این درس&zwnj;ها را برداریم. سر هر درسی هم یک پشتیبان گذاشتم که اگر نتوانستی برداری، جایگزینش را انتخاب کنی.</span></p>
<p>&nbsp;</p>
<p><span style=""font-size: 14pt;"">خلاصه من هم که از این حرکت به وجد آمدم، سه ترم آینده هم هومن برایم انتخاب واحد کرد و من فقط وارد سایت می&zwnj;شدم و برشان می&zwnj;داشتم.</span></p>
<p>&nbsp;</p>
<p><span style=""font-size: 14pt;"">البته ترم پنجم نصف سال مجازی و نصف سال حضوری بود. هومن یک گیمر حرفه&zwnj;ای بود، اما یک بدی داشت که راحت می&zwnj;شد اذیتش کرد و زود جوش بود که البته این هم از ویژگی&zwnj;هایش بود و تفاوت&zwnj;ها باعث دوستی بیشتر می&zwnj;شوند. نصف ترم گذشت و کلاس&zwnj;ها حضوری شد. اولین بار من هومن را سر یک کلاس معارف دیدم. رفتم سر کلاسشان و نشستم تا هومن را پیدا کنم. پسری که ۳ یا ۴ سانت از من کوتاه&zwnj;تر، عضلانی و کمی هم شکم داشت، خوش&zwnj;تیپ، خوش&zwnj;هیکل، با وقار و صدای به&zwnj;شدت جذاب و به&zwnj;قول دوستان دختر کُش. بعد از آن کلاس مشترکی که با هم داشتیم، کلاس طراحی الگوریتم بود. سر کلاس استاد هلنا کجوییان همیشه کنار من می&zwnj;نشست. همیشه قبل از کلاس بازی می&zwnj;کردیم یا بعد از کلاس بازی می&zwnj;کردیم و من از نت همراه اول فشار می&zwnj;خوردم و نمی&zwnj;توانستم خوب بازی کنم.</span></p>
<p>&nbsp;</p>
<p><span style=""font-size: 14pt;"">هومن خیلی پسر خوبی بود. پسر پیگیری هم بود. وقتی می&zwnj;خواست کاری را شروع کند، تا تمامش نمی&zwnj;کرد آن را رها نمی&zwnj;کرد. پشتکار زیادی داشت.</span></p>
<p>&nbsp;</p>
<p><span style=""font-size: 14pt;"">هر وقت چیزی را دوست داشت شروع می&zwnj;کرد و اگر از چیزی خوشش نمی&zwnj;آمد، سمتش نمی&zwnj;رفت. بیشترین زمان ممکن را چه در چت چه در حضوری من با هومن بودم. به&zwnj;جز خارج از دانشگاه هر جا می&zwnj;رفت من با او بودم. وقتی وارد دانشگاه می&zwnj;شدم اول او را پیدا می&zwnj;کردم. یادم است آن زمان کسی که اسمش با ه شروع می&zwnj;شد به هومن حسادت می&zwnj;کرد و همیشه خودش را با او مقایسه می&zwnj;کرد. البته او هم دوست خوبی بود، اما من هومن را بیشتر دوست داشتم. هر قدر سفارش می&zwnj;کردم بیا بهت فلان چیز را یاد بدهم، الکی تأیید می&zwnj;کرد، اما تا وقتی به او نیاز نداشت سمتم نمی&zwnj;آمد. یادم است یک شب از ۹ شب تا ۱۱ صبح با هم در میت بودیم. با اینکه آن شب بیدار بودم، ولی به من خوش گذشت.</span></p>
<p>&nbsp;</p>
<p><span style=""font-size: 14pt;"">مدت&zwnj;ها گذشت. هومن از همه اخلاق&zwnj;های من آگاه بود. رفتارهایم برایش تازگی نداشت و شناخت خوبی از من داشت. هر وقت ناراحت می&zwnj;شد گله نمی&zwnj;کرد و خیلی سخت می&zwnj;شد از زیر زبانش حرف کشید.</span></p>
<p>&nbsp;</p>
<p><span style=""font-size: 14pt;"">آدمی نبود که به کسی اعتماد کند. فکر کنید بعد از ۲ سال دوستی حتی نمی&zwnj;دانستم تاریخ تولدش چه روزی است. یادم است همان روزهای آخر به او می&zwnj;گفتم هومن تو یک روز می&zwnj;گذاری می&zwnj;روی طوری هم می&zwnj;روی که دیگر کسی پیدایت نمی&zwnj;کند. حتی یادم است کجا این حرف را به او می&zwnj;زدم. آن&zwnj;هایی که اسلامشهر درس خوانده&zwnj;اند آبخوری و آن جایگاه سنگی رو به رویش را خوب می&zwnj;شناسند.</span></p>
<p>&nbsp;</p>
<p><span style=""font-size: 14pt;"">خلاصه این دوست خوب و خفن با توجه به شناختی که از شخصیت و رفتارهای من داشت، زمانی که من ترم هشتم بودم تقریباً اواسط ترم دوستی&zwnj;اش را با من تمام کرد و همه دو سال دوستی&zwnj;مان رفت. دلیلش را نمی&zwnj;گویم، ولی مشکل از بی&zwnj;حوصلگی من بود. با اینکه فکر می&zwnj;کردم حداقل هومن کسی است که درکم کند، اما خب انگار توقع بی&zwnj;جا داشتم. جالب&zwnj;ترش این است کسی که فکرش را نمی&zwnj;کردم یعنی پیمان آنجا پشتم بود و تا جایی که توانست حمایتم کرد، اما دوست چند ساله&zwnj;ام پشت من را نداشت و همه&zwnj;چیز تمام شد.</span></p>
<p>&nbsp;</p>
<p><span style=""font-size: 14pt;"">هومن هر جا هستی موفق باشی. امیدوارم همیشه در اوج بدرخشی. درست است دوستی&zwnj;مان تمام شده، اما امیدوارم آرزوهایت را زندگی کنی.</span></p>
<p>&nbsp;</p>
<p><span style=""font-size: 14pt;"">اگر یک روز این را خواندی... ولش کن الان دیگر مهم نیست.</span></p>",1,2025-03-20 18:03:31.666,2025-03-20 18:14:35.527,t,هومن رجب لاریجانی + انتخاب واحد + دانشگاه + مدار الکترونیک + دوستی + گروه + یوسف + بهروز + محمدرضا خداپرست + علی رحیمی + الکس + هانا + هانیه کنجکاو+ گیمر + طراحی الگوریتم + هلنا کجوییان + اعتماد + اسلامشهر + پیمان شیخ سلطان+ سید حمید جبرئیلی+زینب قاسمی,f,"0"
13,عید فطر مبارک,new-fetr,"<p><span style=""font-size: 18pt;"">عید فطر، عید بندگی و رهایی از بند نفس، بر شما مبارک باد. امیدوارم طاعات و عبادات شما در این ماه پرفیض مورد قبول حق تعالی قرار گرفته باشد و سالی سرشار از سلامتی، شادی و موفقیت پیش رو داشته باشید.</span></p>
<p>&nbsp;</p>
<p><span style=""font-size: 18pt;"">حمیدرضا رضایی</span></p>",1,2025-03-30 14:51:34.065,2025-03-30 14:51:40.011,t,عید فطر+ نماز و روزه + حمیدرضا رضایی+ حمیدرضا+ سال نو,f,"0"
15,من و امیر حسین,me-and-amir,"<p><span style=""font-size: 14pt;""><strong>قبل تر ها که بچه تر بودم .... راستش الانم بزرگ نشدم و به نظر خودم یه بچه ام ولی خب دیگه ... به مدرسه راهنمایی رازی می رفتم واقع در منطقه ۱۷. خر خون نبودم اما چیزایی که می شنیدم رو یادم نمی رفت حتی بدون اینکه تمرینشون کنم. برای همین همیشه سر کلاس حاضر جواب بودم&zwnj;.</strong></span></p>
<p>&nbsp;</p>
<p><span style=""font-size: 14pt;""><strong>سال هشتم راهنمایی دوستای زیادی داشتم بالاخره فضای دبستان و راهنمایی به این صورته اما یکی از دوستای خوبم که حال و هواش به حال و هوای منم میخورد از امیر حسین زلفی بود. یه بچه ساده بی آلایش که اون موقع کلاس زبان میرفت و سر کلاسای زبان حرفی برای گفتن داشت. یه دوست دیگه هم داشتم که اسمش محمد حاجی پور بود. البته با اون سال نهم آشنا شدم که بعدا داستانش رو براتون تعریف می&zwnj;کنم. امیر حسین عینک میزد. یه صورت بامزه خوشگل داشت. پوستش هم سفید بود. فکر بد نکنید (به چشم برادری) خیلی هم خوشگل بود. یه دوست دیگه هم داشتیم که دوست مشترکمون بود. اسمش مهیار حبیب زاده بود. یه بچه آروم و دوست داشتنی. یه روز هم داستان اون رو براتون تعریف می&zwnj;کنم. امیر حسین توی ریاضی کارش خوب بود از اون آدمایی بود که همیشه دوست داشتی باهاش رقابت کنی از قضا سر نمرات کلاسی و معدل یه رقابت شیرینی هم با هم داشتیم.</strong></span></p>
<p>&nbsp;</p>
<p><span style=""font-size: 14pt;""><strong>امیر حسین عاشق بازی هم بود و از همون بچه گی تو مدرسه راجب بازی هایی که میکرد صحبت می کرد اون زمان کانتر شرطی میزد. یه دوست دیگه هم داشتیم به اسم مجتبی برگستوان که عاشق موتور و بازی های کامپیوتری بود. اون زمان کامپیوتر جمع میکرد و کارش درست بود. </strong></span><span style=""font-size: 14pt;""><strong>نمی شد روزی این دو نفر رو با هم نبینی. امیر حسین سر کلاس معمولا کنار من می نشست یا کنار مهیار. خلاصه سال هشتم تو یه کلاس بودیم. یه عباسی نامی هم داشتیم که می رفت ته کلاس بو های بد تولید میکرد و همه از کلاس فرار می کردیم یه معلم بد اخلاق به نام آقای کاظمی هم داشتیم که خب بهتره نگم براتون. همون خودمون بدونیم بسه.</strong></span></p>
<p>&nbsp;</p>
<p><span style=""font-size: 14pt;""><strong>امیر حسین رو از سال هفتم میشناختم تو حیاط تو نماز خونه یعنی ایشون آدمیه که نمی تونستی از وجودش لذت نبری. سال نهم کلاس هامون از هم جدا شد و من با محمد حاجی پور آشنا شدم. محمد من و امیر حسین یه تیم بودیم. که کارمون از نظر درسی خیلی درست بود. یواشکی بگم برگه های امتحانات ترم رو توی اکثر درسا ما تصحیح می کردیم. سال نهم تموم شد و امیر حسین و محمد رفتن مدرسه سلمان فارسی و منم رفتم منطقه ۱۸ من و محمد تجربی خوندیم و امیر حسین ریاضی. از محمد دیگه خبر ندارم اما اون زمان که من یک سال پشت کنکور موندم و هیچ اتفاقی برام نیفتاد امیر حسین رفت دانشگاه.</strong></span></p>
<p>&nbsp;</p>
<p><span style=""font-size: 14pt;""><strong>اینو در نظر بگیرید که من پنج سال از امیر حسین کاملا بی خبر بودم. این در حالی بود که به یه دانشگاه می رفتیم و جفتمون یه رشته رو میخوندیم. یه روز اتفاقی داشتم تو حیاط قدم میزدم .... اوایل روزایی بود که دانشگاه به طور رسمی باز شده بود و بساط کرونا برچیده شده بود ... دیدم یه پسره با استایل امیر حسین داره یه گوشه گوشی به دست سمت نماز خونه میره. متاسفانه یکی از عادت های بد من داد زد هامه که خب خیلی هم برای کسانی که میدونن معروفه. یه صدا به سمت امیر حسین شلیک کردم و اونم فورا برگشت. خب تو فکر کن یکی یه دفعه اسم کوچیکتو صدا کنه تو فضایی مثل دانشگاه یعنی قطعا آشناس.</strong></span></p>
<p>&nbsp;</p>
<p><span style=""font-size: 14pt;""><strong>اونم برگشت دید منم جفتمون از تعجب ریختیم. گفتم رشتت چیه اینجا چیکار میکنی. گفت کامپیوترم. گفتم وای منم کامپیوترم چطور تا الان ندیدمت. تو هیچ کلاس مشترکی باهام نداشتی اسم تو کلاسای آنلاینم نبود پسر .....که خب بعدش دو تا کلاس هم باهاش برداشتم که اونجا یه شخصیت دوست داشتنی دیگه رو هم که احتمالا بشناسیدش می دیدم بله پیمان شیخ سلطان.</strong></span></p>
<p>&nbsp;</p>
<p><span style=""font-size: 14pt;""><strong>خلاصه این طوری دوست زمان راهنمایی ام رو توی دانشگاه دیدم و فهمیدم رفته شبکه و هک و امنیت خونده و کارش به همون درستیه که تو کلاس هشتم بود. امیر دیدی همه اش یادمه. شیطنت هات و اون سری که توپ رو شوت کردی رو پشت بومم یادمه که من رفتم آوردمش. فقط گفتم که بدونی.</strong></span></p>
<p>&nbsp;</p>
<p><span style=""font-size: 14pt;""><strong>امیر داداش بدون هر جا هستی و هر کاری میکنی همیشه به فکرتم و امیدوارم همیشه همه جا بهترین باشی و بدرخشی.</strong></span></p>
<p><span style=""font-size: 14pt;""><strong>آرزو هاتو زندگی کنی پسررر. روز و روزگارت خوش.</strong></span></p>
<p>&nbsp;</p>
<p>&nbsp;</p>",1,2025-04-14 06:06:21.161,2025-04-23 10:09:39.399,t,امیرحسین زلفی+امیر+زلفی+محمد حاجی پور+پیمان شیخ سلطان+حمیدرضا رضایی+حمیدرضارضایی+ مجتبی برگستوان+ عباسی+ آقای کاظمی+آقای کاضمی+کاظمی+کاضمی+برگستوان+امیر حسین زلفی+,f,"0"
16,ایران در خطر خود تحقیران خود فروخته,self-humiliation,"<p><span style=""font-size: 14pt;"">پست منبع:</span><br><span style=""font-size: 14pt;"">https://t.me/Vigilante_thr/761</span></p>
<p>&nbsp;</p>
<h1><span style=""font-size: 14pt;"">یک نادان غرب پرست اینجا برای خودش سخنرانی کرده و بشنوید از جواب دندان شکن برادر عزیزم به این نادان غرب زده خود فروخته خود تحقیر:</span></h1>
<p>&nbsp;</p>
<p><span style=""font-size: 14pt;""><strong>به نام خدا</strong></span></p>
<p><span style=""font-size: 14pt;"">قبل از هر چیزی لازم بگم که اونی که خوابیده رو میشه بیدار کرد ولی اونی که خودش رو زده به خواب رو نه</span></p>
<p>&nbsp;</p>
<p>&nbsp;</p>
<h2><span style=""font-size: 14pt;"">نمیگم غرب زده نمیگم غرب پرست</span></h2>
<p><span style=""font-size: 14pt;"">میگم خود فروخته ای گفت ما چی به این دنیا اضافه کردیم؟</span></p>
<p><span style=""font-size: 14pt;"">ما یعنی در واقع ایران چی به دنیا اضافه کرده، رو در نگاه اول میتونیم بگیم هیچی</span></p>
<p><span style=""font-size: 14pt;"">تلفن اینترنت و خیلی چیزهای قرن ۲۱ مال غربه ولی آیا غربی که تا قرن ۱۵ ام تو سطل می شاشیدن چنین دانشی رو از خودشون تولید کردن؟</span></p>
<p>&nbsp;</p>
<p><span style=""font-size: 14pt;"">پاسخ اینجاست؛</span></p>
<p><span style=""font-size: 14pt;"">از معماری اگه بخوام شروع کنم میبرمتون به هزاره های پنجم پیش از میلاد تمدنی که اندک دست نوشته هایی ازش به زبان عیلامی باقی مونده&nbsp;</span></p>
<p><span style=""font-size: 14pt;"">چغازنبیل و معماری باشکوهش کافیه تا به این نتیجه برسیم که معماری از کجا نشأت گرفته زمانی که غربی وجود نداشت</span></p>
<p><span style=""font-size: 14pt;"">ساختار شهری که اصلا ربطی به غرب نداره کافیه سری به تمدن جیرفت که مربوط به هزاره هفتم پیش از میلاده بزنی و شهر سوخته رو با پیکره بی جانش زیارت کنی</span></p>
<p><span style=""font-size: 14pt;"">لباس هم مال غربی ها شد؟</span></p>
<p><span style=""font-size: 14pt;"">کافی به طرح های برجسته تخت جمشید نگاهی بندازی و طرحواره های کاخ آپادانا رو از نزدیک زیارت کنی تا بفهمی اصلا چی شد که غربی هایی که فقط اندام جنسی شون رو می پوشندن به فکر تولید پوشاک افتادن.</span></p>
<p><span style=""font-size: 14pt;"">این که ما میدونیم زمین کجا میچرخه و چطور میچرخه حاصل زحمات غربی ها نیست، در واقع حاصل زحمات ابوریحان بیرونی خواجه نصیر الدین طوسی خیام و بسیاری از بزرگان در این زمینه بوده به عبارت دیگه زمانی که خواجه نصیر رصدخانه بنا کرد غربی ها حتی به فکر نگاه کردن به ستاره ها با چشم خودشون هم نبودن یا زمانی که اسطرلاب توسط خیام(اگه اشتباه نکنم) ساخته شد غربی ها نمی&zwnj;دونستن صورت فلکی چی هست.</span></p>
<p><span style=""font-size: 14pt;"">موسیقی امروزی رو غربی ها تولید کردن اما، بسیاری از سازهای موسیقی که امروزه کمتر به چشم میان در اصل مدیون تمدن های شرقه که ساده ترینش همون دایره خودمونه.</span></p>
<p><span style=""font-size: 14pt;"">الفبای ریاضی در اصل مال دانشمند فرزانه حکیم خوارزمی هست و فیزیک که در ابتدا علم اخترشناسی بوده با توجه به اینکه دانش ستاره شناسی مال ایرانه هم برگرفته از ایرانه و غرب فقط روش مانور بیشتری داده&nbsp;</span></p>
<p><span style=""font-size: 14pt;"">آره فوتبال مال غربه اما در اصل از ورزش باستانی ما چوگان ساخته شده که اونم مال ایرانه</span></p>
<p><span style=""font-size: 14pt;"">خیلی خنده داره که با وجود داشتن دانشمند برجسته ای که کتاب هاش رو در دانشگاه های معتبر جهان تجزیه تحلیل می کنند بگی پزشکی و داروسازی مال غربه حتی غربی ها هم حکیم بوعلی سینا رو انکار نمی کنند.</span></p>
<p><span style=""font-size: 14pt;"">دانشگاه و سیستم آموزش که در دانشگاه جندی شاپور در زمان ساسانیان حاکم بوده رو چطور میشه ندید و فورا اونو به غرب ربط داد؟</span></p>
<p><span style=""font-size: 14pt;"">غذا؟ شوخی نکن حتی عدسی هم برای خارجی ها یه غذای (واو دار) محسوب میشه پس از تنوع غذایی برای ما صحبت نکن اصلا میدونی کردها بیش از ۱۰۰ نوع غذا دارن؟</span></p>
<p><span style=""font-size: 14pt;"">دموکراسی اولین بار در هزاره دوم پیش از میلاد توسط مردم شهر هگمتانه انجام شد اینو دیگه همه میدونن که دیاکو چطور شد حاکم شهر باستانی هگمتانه. و همونجا هم انتخابات برگزار شد طبیعتاً.</span></p>
<p><span style=""font-size: 14pt;"">دیگه حقوق بشر رو چرا لگد مال کردی یعنی میخوای بگی کتیبه کوروش رو ندیدی داخل سازمان ملل غربی؟</span></p>
<p><span style=""font-size: 14pt;"">قانون اساسی هم اولین بار در سیستم حکومتی هخامنشیان نوشته شد.</span></p>
<p><span style=""font-size: 14pt;"">جالبه که کتاب های تاریخ بیهقی رو ببینی و تاریخ نویسی رو ربط بدی به غرب اصلا نوشتن خودش مربوط به تمدن های شرقه</span></p>
<p><span style=""font-size: 14pt;"">زمانی که ارتش جاویدان هخامنشیان تشکیل شد یونانی ها که کهن ترین تاریخ رو در غرب دارن با داس در مقابل سپاهیان ایرانی میجنگیدن زمانی که اونا حتی سلاح هایی برای دفاع نداشتند</span></p>
<p><span style=""font-size: 14pt;"">اصلا یه چیز جالبی بگم؛</span></p>
<p><span style=""font-size: 14pt;"">فیلم جومونگ رو همه دیدن تقریبا آیا میدانستید صنعت ساخت فولاد که ارتش هان ازش استفاده میکرد رو در واقع چینی ها از حکومت اشکانیان یادگرفته بودند؟</span></p>
<p><span style=""font-size: 14pt;"">دین زرتشت یکتا پرستی بود که پیامبر فقط با یک نامه اونها رو به اسلام دعوت کرده بود</span></p>
<p><span style=""font-size: 14pt;"">و میرسیم به این سوال که چه چیزی به دنیا اضافه کردیم؟</span></p>
<p><span style=""font-size: 14pt;"">ما علم طب رو به دنیا اضافه کردیم</span></p>
<p><span style=""font-size: 14pt;"">ما علم ستاره شناسی رو به دنیا اضافه کردیم</span></p>
<p><span style=""font-size: 14pt;"">ما به دنیا علم ریاضیات رو اضافه کردیم</span></p>
<p><span style=""font-size: 14pt;"">و حتی اگه ما در حال حاضر هیچ دستاوردی نداشته باشیم برای جهان، پایه ریزی دستاورد های کنونی تمدن نوپای غربی رو ما بهشون هدیه دادیم</span></p>
<p><span style=""font-size: 14pt;"">و اونها در قبال این همه خدمتی که تمدن کهن ما بهشون کرد جیره خور های خود فروخته ای رو به ما هدیه دادن که ما رو عقب مونده جلوه بدن و غرب رو خدای دنیای جدید معرفی کنند.</span></p>
<p><span style=""font-size: 14pt;"">بله ما در دنیا موجوداتی رو پرورش دادیم که در هیچ جای دنیا پیدا نمی کنیم کسانی که در قبال دریافت پول تاریخ های هزاران سال پیش خودشون رو هم انکار می&zwnj;کنند&nbsp;</span></p>
<p><span style=""font-size: 14pt;"">و تمدن ۵۰۰ ساله غربی رو به رخ میکشند.</span></p>
<p>&nbsp;</p>
<p><span style=""font-size: 14pt;"">ببخشید که طولانی و بی قاعده شد امیدوارم مطالعه کنید.</span></p>
<p>&nbsp;</p>
<p><span style=""font-size: 14pt;"">____________________________________________________________</span><br><span style=""font-size: 14pt;""><strong>همچنین در طی تبادل اطلاعات با یکی از دوستان فهیم دانا و خوب ام، مواردی رد و بدل شد که جالبه. دوست دارم شما هم بشنوید</strong></span><br><br></p>
<p><span style=""font-size: 14pt;"">اره راست میگه گرمایش زمین تقصیر غربه</span><br><span style=""font-size: 14pt;"">انقراض جانوران تقصیر غرب</span><br><span style=""font-size: 14pt;"">فقر و فحشا تقصیر غربه</span><br><span style=""font-size: 14pt;"">افزایش آمار خودکشی نتیجه زندگی غربی</span><br><span style=""font-size: 14pt;"">افسردگی نتیجه دکوراسیون غربیه&nbsp;</span><br><span style=""font-size: 14pt;"">اصلا آنگلوساکسون ها به وحشی بودن معرف بودن پس غارت و کشتار مردم کشور های مستعمره یک نتیجه عادی هست</span></p>
<p><span style=""font-size: 14pt;"">____________________________________________________________</span></p>
<p>&nbsp;</p>
<p><span style=""font-size: 14pt;"">این مطلب توسط برادر عزیزم ابوالفضل رضایی نوشته شده و در کانالش هم قرار گرفته ولی من اون رو جذاب دونستم و توی سایتم قرار دادم</span></p>",1,2025-05-28 22:38:12.057,2025-06-22 08:04:42.421,t,self humiliation+خودتحقیر+خود فروش+ایرانی+ایران+ابوالفضل رضایی+ خود تحقیری ایرانی+ خود تحقیر نباشیم+ خود فروخته های ایرانی,t,3
